{
  "project_info": {
    "project_number": "324325285823",
    "project_id": "login-b4d1d",
    "storage_bucket": "login-b4d1d.appspot.com"
  },
  "client": [
    {
      "client_info": {
        "mobilesdk_app_id": "1:324325285823:android:c3916dca34df3272e94b0a",
        "android_client_info": {
          "package_name": "com.example.gabay_app"
        }
      },
      "oauth_client": [
        {
          "client_id": "324325285823-ci6mb10rpfuqh5jlf3ub8o52i2j495t3.apps.googleusercontent.com",
          "client_type": 3
        }
      ],
      "api_key": [
        {
          "current_key": "AIzaSyCfRAsN_8zrwvuUuL_JACFB-Y4TcZz1YeQ"
        }
      ],
      "services": {
        "appinvite_service": {
          "other_platform_oauth_client": [
            {
              "client_id": "324325285823-ci6mb10rpfuqh5jlf3ub8o52i2j495t3.apps.googleusercontent.com",
              "client_type": 3
            }
          ]
        }
      }
    }
  ],
  "configuration_version": "1"
}